candidate_id	best_target	similarity	citation_match	bib_match
american-medical-association-brackets	american-medical-association	1.0000	1.0000	1.0000
american-medical-association-parentheses	american-medical-association	1.0000	1.0000	1.0000
applied-clay-science	elsevier-harvard	1.0000	1.0000	1.0000
chicago-in-text-shortened-author-title	chicago-shortened-notes-bibliography	1.0000	1.0000	1.0000
chicago-shortened-notes-bibliography-archive-place-first	chicago-shortened-notes-bibliography	1.0000	1.0000	1.0000
chicago-shortened-notes-bibliography-subsequent-author	chicago-shortened-notes-bibliography	1.0000	1.0000	1.0000
chicago-shortened-notes-bibliography-subsequent-ibid	chicago-shortened-notes-bibliography	1.0000	1.0000	1.0000
chicago-shortened-notes-bibliography-subsequent-title	chicago-shortened-notes-bibliography	1.0000	1.0000	1.0000
environmental-chemistry	elsevier-harvard	1.0000	1.0000	1.0000
firephyschem	elsevier-with-titles	1.0000	1.0000	1.0000
international-biodeterioration-and-biodegradation	elsevier-harvard	1.0000	1.0000	1.0000
journal-of-applied-engineering-sciences-technology	elsevier-with-titles	1.0000	1.0000	1.0000
modern-language-association-notes	modern-language-association	1.0000	1.0000	1.0000
journal-of-economic-impact	elsevier-harvard	0.9980	1.0000	0.9697
modern-language-association-annotated-bibliography	modern-language-association	0.9979	1.0000	0.9697
journal-of-structural-geology	elsevier-harvard	0.9978	1.0000	0.9394
acta-hydrotechnica	elsevier-harvard	0.9977	1.0000	0.9091
elsevier-vancouver-no-et-al	elsevier-vancouver	0.9970	1.0000	0.9697
gait-and-posture	elsevier-with-titles	0.9969	1.0000	0.9697
digestive-and-liver-disease	elsevier-vancouver	0.9967	1.0000	0.9697
hemijska-industrija	elsevier-vancouver	0.9961	1.0000	0.9394
aerosol-and-air-quality-research	elsevier-harvard	0.9955	1.0000	0.9697
diabetologia	springer-basic-brackets	0.9955	1.0000	0.9394
journal-of-obstetrics-and-gynaecology-canada	elsevier-vancouver	0.9941	1.0000	0.9394
american-medical-association-no-et-al	american-medical-association	0.9940	1.0000	0.9697
chicago-shortened-notes-bibliography-access-dates	chicago-shortened-notes-bibliography	0.9921	1.0000	0.9375
ophthalmic-plastic-and-reconstructive-surgery	american-medical-association	0.9905	1.0000	0.9394
journal-of-soil-science-and-plant-nutrition	springer-basic-author-date	0.9904	1.0000	0.9394
springer-basic-brackets-no-et-al	springer-basic-brackets	0.9904	1.0000	0.9394
retina	american-medical-association	0.9885	1.0000	0.8788
elsevier-vancouver-short-author-list	elsevier-vancouver	0.9866	1.0000	0.8485
journal-of-pediatric-surgery	elsevier-vancouver	0.9866	1.0000	0.8485
boletin-de-la-sociedad-geologica-mexicana	elsevier-harvard	0.9857	1.0000	0.8485
chicago-author-date-17th-edition	taylor-and-francis-chicago-author-date	0.9843	1.0000	0.7188
mycobiology	elsevier-vancouver	0.9833	1.0000	0.7273
cladistics	elsevier-harvard	0.9833	1.0000	0.7273
soil-biology-and-biochemistry	elsevier-harvard	0.9833	1.0000	0.7273
veterinary-microbiology	elsevier-harvard	0.9833	1.0000	0.7273
accident-analysis-and-prevention	elsevier-harvard	0.9824	1.0000	0.7273
annals-of-allergy-asthma-and-immunology	american-medical-association	0.9815	1.0000	0.8788
italus-hortus	elsevier-harvard	0.9813	1.0000	0.6970
arhiv-za-higijenu-rada-i-toksikologiju	elsevier-vancouver	0.9807	1.0000	0.6970
arctic	elsevier-harvard	0.9802	0.9444	0.6364
folia-amazonica	elsevier-harvard	0.9793	1.0000	0.6364
journal-of-the-american-ceramic-society	springer-basic-brackets	0.9757	1.0000	0.8182
revista-espanola-de-nutricion-humana-y-dietetica	elsevier-vancouver	0.9752	1.0000	0.6364
journal-of-crohns-and-colitis-supplements	elsevier-vancouver	0.9750	1.0000	0.5758
journal-of-forensic-sciences	springer-basic-brackets	0.9746	1.0000	0.6364
cns-spectrums	american-medical-association	0.9744	1.0000	0.7879
operative-dentistry	springer-basic-brackets	0.9744	1.0000	0.7879
sociologia-ruralis	elsevier-harvard	0.9741	1.0000	0.8485
chicago-shortened-notes-bibliography-classic-archive-place-first	chicago-shortened-notes-bibliography	0.9740	1.0000	0.6250
chicago-shortened-notes-bibliography-classic	chicago-shortened-notes-bibliography	0.9740	1.0000	0.6250
chicago-shortened-notes-bibliography-subsequent-author-classic	chicago-shortened-notes-bibliography	0.9740	1.0000	0.6250
chicago-shortened-notes-bibliography-subsequent-ibid-classic	chicago-shortened-notes-bibliography	0.9740	1.0000	0.6250
ios-press-books	elsevier-with-titles	0.9738	1.0000	0.5455
agriculturae-conspectus-scientificus	elsevier-harvard	0.9737	1.0000	0.6667
engineering-technology-and-applied-science-research	ieee	0.9724	1.0000	0.6364
cambridge-university-press-numeric	springer-basic-brackets	0.9723	1.0000	0.7576
animal	elsevier-harvard	0.9721	1.0000	0.6667
journal-of-tropical-life-science	springer-basic-brackets	0.9719	1.0000	0.6667
discover-food	springer-vancouver-brackets	0.9712	1.0000	0.7576
international-journal-of-occupational-medicine-and-environmental-health	springer-vancouver-brackets	0.9711	1.0000	0.6364
biomed-central	springer-basic-brackets	0.9705	1.0000	0.6061
journal-of-sport-and-health-science	springer-vancouver-brackets	0.9697	1.0000	0.7576
handbook-of-clinical-neurology	elsevier-harvard	0.9693	1.0000	0.6364
annals-of-the-new-york-academy-of-sciences	springer-basic-brackets	0.9689	1.0000	0.6667
forestry	elsevier-harvard	0.9689	1.0000	0.4848
hpb	springer-basic-brackets	0.9682	1.0000	0.6061
journal-of-hazardous-materials	elsevier-vancouver	0.9681	1.0000	0.6061
necmettin-erbakan-universitesi-fen-ve-muhendislik-bilimleri-dergisi	elsevier-with-titles	0.9678	1.0000	0.5758
molecular-metabolism	elsevier-vancouver	0.9671	1.0000	0.5152
jurnal-sains-farmasi-dan-klinis	elsevier-vancouver	0.9670	1.0000	0.7576
aerosol-science-and-technology	elsevier-harvard	0.9669	1.0000	0.5455
serbian-archives-of-medicine	springer-vancouver-brackets	0.9664	1.0000	0.7576
worlds-veterinary-journal	elsevier-harvard	0.9662	0.9444	0.5152
deutsche-zeitschrift-fur-sportmedizin	elsevier-vancouver	0.9661	1.0000	0.5152
american-chemical-society	elsevier-with-titles	0.9653	1.0000	0.6970
ophthalmic-genetics	american-medical-association	0.9650	1.0000	0.6364
clinical-radiology	springer-basic-brackets	0.9649	1.0000	0.6061
sn-computer-science	springer-basic-brackets	0.9641	1.0000	0.6364
anaesthesia	springer-basic-brackets	0.9641	1.0000	0.5758
bollettino-della-societa-italiana-di-paleontologia	elsevier-harvard	0.9640	1.0000	0.8182
journal-of-endodontics	springer-basic-brackets	0.9639	1.0000	0.6061
vietnam-journal-of-science-and-technology	springer-basic-brackets	0.9632	1.0000	0.4848
universitas-brawijaya-fakultas-teknologi-pertanian	elsevier-harvard	0.9632	1.0000	0.5152
jacc-cardiovascular-imaging	springer-basic-brackets	0.9627	1.0000	0.6061
photochemistry-and-photobiology	springer-basic-brackets	0.9625	1.0000	0.5455
international-journal-for-numerical-methods-in-biomedical-engineering	springer-basic-brackets	0.9610	1.0000	0.5152
respirology	springer-basic-brackets	0.9609	1.0000	0.5152
american-society-of-mechanical-engineers	elsevier-with-titles	0.9609	1.0000	0.3939
journal-of-acoustics	springer-basic-brackets	0.9607	1.0000	0.5455
radiology	springer-vancouver-brackets	0.9602	1.0000	0.5152
nist-technical-publication-journal-of-research-of-nist	elsevier-with-titles	0.9602	1.0000	0.5758
targetome	elsevier-vancouver	0.9601	1.0000	0.6061
urbani-izziv-en	elsevier-harvard	0.9601	1.0000	0.5455
microbial-cell	springer-basic-brackets	0.9600	1.0000	0.5455
circulation-journal	springer-basic-brackets	0.9599	1.0000	0.5455
psychiatric-clinics-of-north-america	springer-basic-brackets	0.9596	1.0000	0.6364
southern-african-journal-of-critical-care	springer-basic-brackets	0.9595	1.0000	0.5455
oncotarget	springer-vancouver-brackets	0.9594	1.0000	0.5152
mary-ann-liebert-vancouver	springer-basic-brackets	0.9589	1.0000	0.5152
kidney-research-and-clinical-practice	elsevier-vancouver	0.9582	1.0000	0.3636
civil-engineering-journal	elsevier-vancouver	0.9582	1.0000	0.4545
brazilian-oral-research	springer-basic-brackets	0.9582	1.0000	0.5758
colombian-journal-of-anesthesiology	springer-basic-brackets	0.9581	1.0000	0.5758
international-journal-of-circuit-theory-and-applications	elsevier-with-titles	0.9574	1.0000	0.5455
veterinary-record-open	springer-basic-brackets	0.9573	1.0000	0.5758
movement-disorders	springer-basic-brackets	0.9571	1.0000	0.5455
developmental-dynamics	american-medical-association	0.9570	1.0000	0.4242
taylor-and-francis-ama	american-medical-association	0.9566	1.0000	0.2424
south-african-medical-journal	springer-basic-brackets	0.9565	1.0000	0.7273
acta-medica-portuguesa	american-medical-association	0.9560	1.0000	0.4848
advances-in-alzheimers-disease	elsevier-vancouver	0.9555	1.0000	0.4545
avian-diseases	springer-basic-brackets	0.9550	1.0000	0.4848
chicago-shortened-notes-bibliography-17th-edition	chicago-shortened-notes-bibliography	0.9550	0.8889	0.5938
chicago-shortened-notes-bibliography-subsequent-author-title-17th-edition	chicago-shortened-notes-bibliography	0.9550	0.8889	0.5938
chicago-shortened-notes-bibliography-subsequent-ibid-17th-edition	chicago-shortened-notes-bibliography	0.9550	0.8889	0.5938
earthquake-engineering-and-structural-dynamics	springer-basic-brackets	0.9542	1.0000	0.5455
structural-control-and-health-monitoring	springer-basic-brackets	0.9542	1.0000	0.5455
the-isme-journal	springer-basic-brackets	0.9540	1.0000	0.5152
taylor-and-francis-acs	elsevier-with-titles	0.9538	1.0000	0.6667
elife	elsevier-harvard	0.9538	1.0000	0.3636
mathematics-and-computers-in-simulation	elsevier-vancouver	0.9535	1.0000	0.5152
nucleic-acids-research-web-server-issue	springer-basic-brackets	0.9532	1.0000	0.5152
revista-brasileira-de-ciencia-do-solo	elsevier-harvard	0.9531	1.0000	0.4848
international-journal-of-population-data-science	springer-vancouver-brackets	0.9526	1.0000	0.6061
bmj	elsevier-vancouver	0.9525	1.0000	0.5455
journal-of-medical-internet-research	springer-vancouver-brackets	0.9525	1.0000	0.4545
cellular-and-molecular-bioengineering	springer-vancouver-brackets	0.9523	1.0000	0.4545
current-organic-synthesis	elsevier-with-titles	0.9519	1.0000	0.6667
journal-of-clinical-and-translational-science	springer-basic-brackets	0.9518	1.0000	0.5152
data-science-journal	elsevier-harvard	0.9513	1.0000	0.4242
tapir-conservation	springer-basic-brackets	0.9505	1.0000	0.5455
pathogens-and-immunity	springer-vancouver-brackets	0.9503	1.0000	0.5758
elsevier-vancouver-author-date-alphabetical	elsevier-harvard	0.9496	1.0000	0.4848
elsevier-vancouver-author-date	elsevier-harvard	0.9496	1.0000	0.4848
american-medical-association-10th-edition	american-medical-association	0.9494	1.0000	0.5455
journal-of-brachial-plexus-and-peripheral-nerve-injury	american-medical-association	0.9494	1.0000	0.5455
journal-of-chemometrics	american-medical-association	0.9494	1.0000	0.5455
cureus	springer-basic-brackets	0.9489	1.0000	0.5152
wireless-communications-and-mobile-computing	springer-basic-brackets	0.9487	1.0000	0.4545
acta-medica-peruana	springer-vancouver-brackets	0.9484	1.0000	0.4545
archivos-peruanos-de-cardiologia-y-cirugia-cardiovascular	springer-vancouver-brackets	0.9484	1.0000	0.4545
medical-education-and-clinical-practice	springer-vancouver-brackets	0.9484	1.0000	0.4545
revista-peruana-de-medicina-experimental-y-salud-publica	springer-vancouver-brackets	0.9484	1.0000	0.4545
gazeta-medica	springer-basic-brackets	0.9478	1.0000	0.4848
journal-of-molecular-signaling	springer-vancouver-brackets	0.9477	1.0000	0.3636
multimed	springer-vancouver-brackets	0.9477	1.0000	0.4545
brazilian-journal-of-infectious-diseases	springer-basic-brackets	0.9470	1.0000	0.4848
journal-of-peptide-science	springer-basic-brackets	0.9469	1.0000	0.4545
indian-journal-of-orthopaedics	springer-basic-brackets	0.9466	1.0000	0.5758
human-ecology	elsevier-harvard	0.9465	1.0000	0.4242
facial-plastic-surgery-clinics-of-north-america	springer-basic-brackets	0.9464	1.0000	0.4848
gastrointestinal-endoscopy-clinics-of-north-america	springer-basic-brackets	0.9464	1.0000	0.4848
jacc-cardiovascular-interventions	springer-basic-brackets	0.9464	1.0000	0.4848
frontiers-medical-journals	springer-basic-brackets	0.9461	1.0000	0.4848
cancer-drug-resistance	elsevier-vancouver	0.9458	1.0000	0.4848
advanced-pharmaceutical-bulletin	american-medical-association	0.9454	1.0000	0.3939
acta-orthopaedica	springer-vancouver-brackets	0.9448	1.0000	0.4545
artery-research	springer-basic-brackets	0.9446	1.0000	0.4545
heart-failure-clinics	springer-basic-brackets	0.9445	1.0000	0.4848
hematology-oncology-clinics-of-north-america	springer-basic-brackets	0.9445	1.0000	0.4848
infectious-disease-clinics-of-north-america	springer-basic-brackets	0.9445	1.0000	0.4848
journal-of-orthopaedics-trauma-and-rehabilitation	springer-basic-brackets	0.9445	1.0000	0.4848
orthopedic-clinics-of-north-america	springer-basic-brackets	0.9445	1.0000	0.4848
istanbul-medical-journal	springer-basic-brackets	0.9444	1.0000	0.4545
imperial-college-london-numerical	springer-vancouver-brackets	0.9443	1.0000	0.5152
cardiff-university-vancouver	springer-vancouver-brackets	0.9441	1.0000	0.4242
nano-biomedicine-and-engineering	springer-basic-brackets	0.9440	1.0000	0.4848
revista-virtual-de-quimica	elsevier-with-titles	0.9438	1.0000	0.4848
european-journal-of-paediatric-neurology	springer-basic-brackets	0.9431	1.0000	0.4545
gastrointestinal-intervention	springer-basic-brackets	0.9431	1.0000	0.4545
international-journal-of-oral-and-maxillofacial-surgery	springer-basic-brackets	0.9431	1.0000	0.4545
journal-of-crohns-and-colitis	springer-basic-brackets	0.9431	1.0000	0.4545
radiologic-clinics-of-north-america	springer-basic-brackets	0.9427	1.0000	0.4848
entomological-review	elsevier-harvard	0.9425	1.0000	0.3636
budownictwo-i-architektura-pl	ieee	0.9424	1.0000	0.4848
hypertension-research	elsevier-with-titles	0.9422	1.0000	0.3030
clinical-hemorheology-and-microcirculation	elsevier-vancouver	0.9421	1.0000	0.5152
allergology-international	springer-basic-brackets	0.9419	1.0000	0.4545
reports-of-practical-oncology-and-radiotherapy	springer-basic-brackets	0.9419	1.0000	0.4848
cardiocore	springer-basic-brackets	0.9414	1.0000	0.4848
endoscopia	springer-basic-brackets	0.9414	1.0000	0.4848
acta-pharmaceutica-sinica-b	springer-basic-brackets	0.9413	1.0000	0.4545
radiography	springer-basic-brackets	0.9413	1.0000	0.4545
urological-science	springer-basic-brackets	0.9413	1.0000	0.4545
microbiome-research-reports	springer-vancouver-brackets	0.9413	1.0000	0.3939
angiologia	springer-basic-brackets	0.9406	1.0000	0.4545
archivos-de-la-sociedad-espanola-de-oftalmologia	springer-basic-brackets	0.9406	1.0000	0.4545
cirugia-cardiovascular	springer-basic-brackets	0.9406	1.0000	0.4545
clinica-e-investigacion-en-arteriosclerosis	springer-basic-brackets	0.9406	1.0000	0.4545
diagnostico-prenatal	springer-basic-brackets	0.9406	1.0000	0.4545
dialisis-y-trasplante	springer-basic-brackets	0.9406	1.0000	0.4545
enfermeria-clinica	springer-basic-brackets	0.9406	1.0000	0.4545
enfermeria-intensiva	springer-basic-brackets	0.9406	1.0000	0.4545
hipertension-y-riesgo-vascular	springer-basic-brackets	0.9406	1.0000	0.4545
infectio	springer-basic-brackets	0.9406	1.0000	0.4545
neurologia-argentina	springer-basic-brackets	0.9406	1.0000	0.4545
neurologia	springer-basic-brackets	0.9406	1.0000	0.4545
bibliotheque-universitaire-de-medecine-vancouver	springer-vancouver-brackets	0.9397	1.0000	0.4545
hospital-a-domicilio	springer-vancouver-brackets	0.9397	1.0000	0.4545
european-journal-of-clinical-microbiology-and-infectious-diseases	springer-vancouver-brackets	0.9397	1.0000	0.3636
journal-of-global-health	elsevier-vancouver	0.9397	1.0000	0.3939
sexual-health	american-medical-association	0.9395	1.0000	0.5455
oil-shale	springer-basic-brackets	0.9393	1.0000	0.5152
engineered-regeneration	elsevier-with-titles	0.9393	1.0000	0.7273
extracellular-vesicles-and-circulating-nucleic-acids	springer-basic-brackets	0.9387	1.0000	0.4242
american-journal-of-sonography	springer-basic-brackets	0.9387	1.0000	0.3939
plos	springer-vancouver-brackets	0.9387	1.0000	0.4242
acta-societatis-botanicorum-poloniae	springer-basic-brackets	0.9383	1.0000	0.4545
cornea	american-medical-association	0.9380	1.0000	0.3939
mutagenesis	springer-basic-brackets	0.9379	1.0000	0.4242
frontiers-in-physics	springer-basic-brackets	0.9376	1.0000	0.4545
african-journal-of-food-agriculture-nutrition-development	springer-basic-brackets	0.9370	1.0000	0.5152
univerza-v-ljubljani-fakulteta-za-kemijo-in-kemijsko-tehnologijo	elsevier-with-titles	0.9366	1.0000	0.3939
american-physiological-society	springer-basic-brackets	0.9364	1.0000	0.4242
research-and-education-promotion-association	elsevier-with-titles	0.9364	1.0000	0.3939
european-journal-of-immunology	springer-basic-brackets	0.9363	1.0000	0.3939
nejm-catalyst-innovations-in-care-delivery	springer-vancouver-brackets	0.9362	1.0000	0.4242
journal-of-molecular-recognition	american-medical-association	0.9360	1.0000	0.5455
revista-medica-del-instituto-mexicano-del-seguro-social	springer-vancouver-brackets	0.9357	1.0000	0.3939
springer-basic-author-date-no-et-al	springer-basic-author-date	0.9357	0.5556	0.9394
chinese-medical-journal	springer-basic-brackets	0.9354	1.0000	0.3636
proceedings-of-the-royal-society-b	springer-basic-brackets	0.9354	1.0000	0.3939
multidisciplinary-digital-publishing-institute	springer-basic-brackets	0.9353	1.0000	0.4545
american-journal-of-plant-sciences	elsevier-with-titles	0.9352	1.0000	0.3030
american-phytopathological-society	elsevier-harvard	0.9350	0.9444	0.4545
tijdschrift-voor-geneeskunde	springer-vancouver-brackets	0.9350	1.0000	0.4242
istanus-journal-on-applied-and-biological-sciences	springer-vancouver-brackets	0.9349	1.0000	0.5758
recent-patents-on-drug-delivery-and-formulation	elsevier-vancouver	0.9348	1.0000	0.6970
springer-basic-author-date-no-et-al-with-issue	springer-basic-author-date	0.9348	0.5556	0.9091
surgical-pathology-clinics	springer-basic-brackets	0.9347	1.0000	0.4848
chicago-author-date-classic	taylor-and-francis-chicago-author-date	0.9347	0.8889	0.1563
international-journal-of-clinical-research	springer-basic-brackets	0.9347	1.0000	0.4242
cse-citation-sequence	american-medical-association	0.9343	1.0000	0.4242
medical-dosimetry	springer-basic-brackets	0.9342	1.0000	0.4242
thieme-german	elsevier-vancouver	0.9340	1.0000	0.3939
kona-powder-and-particle-journal	elsevier-harvard	0.9340	1.0000	0.5152
cse-citation-sequence-8th-edition	american-medical-association	0.9332	1.0000	0.5455
taylor-and-francis-council-of-science-editors-numeric	springer-basic-brackets	0.9331	1.0000	0.3939
pharmacoepidemiology-and-drug-safety	american-medical-association	0.9327	1.0000	0.4848
baghdad-science-journal	springer-vancouver-brackets	0.9327	1.0000	0.3939
health-sports-and-rehabilitation-medicine	elsevier-harvard	0.9325	1.0000	0.3939
modern-language-association-no-url	modern-language-association	0.9323	1.0000	0.6364
modern-language-association-notes-no-url	modern-language-association	0.9323	1.0000	0.6364
estonian-journal-of-earth-sciences	elsevier-harvard	0.9321	0.9444	0.4242
world-organisation-for-animal-health-scientific-and-technical-review	springer-basic-brackets	0.9320	1.0000	0.4242
degruyter-american-chemical-society	elsevier-with-titles	0.9317	1.0000	0.2727
society-of-automotive-engineers-technical-papers-numeric	springer-basic-brackets	0.9308	1.0000	0.4545
applied-spectroscopy	springer-basic-brackets	0.9307	1.0000	0.3939
ieee-transactions-on-medical-imaging	ieee	0.9307	1.0000	0.5758
dermatology-online-journal	springer-basic-brackets	0.9304	1.0000	0.2727
malaysian-orthopaedic-journal	springer-vancouver-brackets	0.9304	1.0000	0.3333
innovations-therapeutiques-en-oncologie	springer-basic-brackets	0.9303	1.0000	0.3939
journal-of-applied-pharmaceutical-research	elsevier-vancouver	0.9301	1.0000	0.5758
american-medical-association-no-url	american-medical-association	0.9292	1.0000	0.6364
chicago-in-text-shortened-author-title-no-url	chicago-shortened-notes-bibliography	0.9292	1.0000	0.6250
chicago-shortened-notes-bibliography-archive-place-first-no-url	chicago-shortened-notes-bibliography	0.9292	1.0000	0.6250
chicago-shortened-notes-bibliography-no-url	chicago-shortened-notes-bibliography	0.9292	1.0000	0.6250
chicago-shortened-notes-bibliography-subsequent-author-no-url	chicago-shortened-notes-bibliography	0.9292	1.0000	0.6250
chicago-shortened-notes-bibliography-subsequent-ibid-no-url	chicago-shortened-notes-bibliography	0.9292	1.0000	0.6250
chicago-shortened-notes-bibliography-subsequent-title-no-url	chicago-shortened-notes-bibliography	0.9292	1.0000	0.6250
journal-of-innovation-economics-and-management	elsevier-harvard	0.9291	1.0000	0.5758
baishideng-publishing-group	elsevier-with-titles	0.9291	1.0000	0.2121
journal-of-burn-care-and-research	american-medical-association	0.9284	1.0000	0.4242
the-plant-genome	elsevier-harvard	0.9282	0.8333	0.6364
journal-of-musculoskeletal-research	springer-basic-brackets	0.9279	1.0000	0.3636
journal-of-rehabilitation-medicine	springer-vancouver-brackets	0.9279	1.0000	0.4242
eurasian-journal-of-medical-investigation	elsevier-vancouver	0.9279	1.0000	0.6061
eurasian-journal-of-medicine-and-oncology	elsevier-vancouver	0.9279	1.0000	0.6061
occupational-medicine	springer-vancouver-brackets	0.9276	1.0000	0.6364
scandinavian-journal-of-work-environment-and-health	springer-vancouver-brackets	0.9276	1.0000	0.6364
zdravniski-vestnik	springer-vancouver-brackets	0.9276	1.0000	0.6364
canadian-urological-association-journal	springer-vancouver-brackets	0.9273	1.0000	0.2727
biomolecular-concepts	elsevier-vancouver	0.9273	1.0000	0.6364
cell	springer-basic-brackets	0.9272	1.0000	0.3333
journal-of-frailty-and-aging	springer-basic-brackets	0.9270	1.0000	0.5758
biophysics-and-physicobiology	elsevier-with-titles	0.9269	1.0000	0.5152
cell-numeric	springer-basic-brackets	0.9263	1.0000	0.4242
endocrine-connections	elsevier-vancouver	0.9260	1.0000	0.4545
springer-vancouver	springer-basic-brackets	0.9258	1.0000	0.6364
eneuro	elsevier-harvard	0.9255	1.0000	0.5758
canadian-journal-of-dietetic-practice-and-research	springer-vancouver-brackets	0.9249	1.0000	0.6061
medecine-intensive-reanimation	springer-basic-brackets	0.9249	1.0000	0.6364
biology-of-reproduction	elsevier-vancouver	0.9249	1.0000	0.5758
the-journal-of-bone-and-joint-surgery	american-medical-association	0.9248	1.0000	0.5758
journal-of-bone-and-mineral-research	springer-vancouver-brackets	0.9245	1.0000	0.6061
journal-of-hearing-science	springer-vancouver-brackets	0.9243	1.0000	0.6061
european-journal-of-endocrinology	springer-basic-brackets	0.9241	1.0000	0.4545
magnetic-resonance-materials-in-physics-biology-and-medicine	springer-basic-brackets	0.9240	1.0000	0.6364
journal-of-advanced-ceramics	elsevier-vancouver	0.9240	1.0000	0.6061
springer-lecture-notes-in-computer-science	springer-basic-brackets	0.9239	1.0000	0.5455
biochemical-journal	elsevier-with-titles	0.9238	1.0000	0.3030
veterinary-anaesthesia-analgesia	elsevier-harvard	0.9234	0.8333	0.5455
alcoholism-clinical-and-experimental-research	elsevier-harvard	0.9228	1.0000	0.5758
progress-on-chemistry-and-application-of-chitin-and-its-derivatives	elsevier-vancouver	0.9224	1.0000	0.2727
springer-mathphys-brackets	springer-basic-brackets	0.9224	1.0000	0.5455
american-journal-of-surgical-pathology	american-medical-association	0.9223	1.0000	0.3636
journal-of-adolescent-health	elsevier-vancouver	0.9222	1.0000	0.6061
the-korean-journal-of-internal-medicine	springer-basic-brackets	0.9219	1.0000	0.5455
drugs-of-today	springer-vancouver-brackets	0.9218	1.0000	0.5758
the-angle-orthodontist	american-medical-association	0.9218	1.0000	0.5758
journal-of-microbiology-and-biotechnology	springer-basic-brackets	0.9217	1.0000	0.5758
journal-of-orthopaedic-trauma	springer-basic-brackets	0.9214	1.0000	0.5758
management-of-biological-invasions	elsevier-harvard	0.9212	1.0000	0.5152
the-scandinavian-journal-of-clinical-and-laboratory-investigation	springer-vancouver-brackets	0.9208	1.0000	0.5455
british-journal-of-anaesthesia	springer-vancouver-brackets	0.9205	1.0000	0.5455
wetlands	springer-basic-author-date	0.9205	0.5556	0.6667
proceedings-of-the-estonian-academy-of-sciences-numeric	springer-basic-brackets	0.9202	1.0000	0.3636
drug-testing-and-analysis	elsevier-with-titles	0.9198	1.0000	0.6061
british-journal-of-nutrition	springer-basic-brackets	0.9198	1.0000	0.5152
chicago-author-date-archive-place-first	taylor-and-francis-chicago-author-date	0.9197	0.8889	0.1563
biophysical-journal	springer-basic-brackets	0.9195	1.0000	0.3636
organic-geochemistry	elsevier-harvard	0.9195	1.0000	0.7273
freshwater-biology	elsevier-harvard	0.9191	0.7222	0.6667
proceedings-of-the-estonian-academy-of-sciences-author-date	elsevier-harvard	0.9191	0.9444	0.3939
journal-of-pharmacy-and-pharmacology	springer-basic-brackets	0.9187	1.0000	0.3939
environnement-risques-et-sante	springer-basic-brackets	0.9184	1.0000	0.5758
medecine-sciences	springer-basic-brackets	0.9184	1.0000	0.5758
american-association-for-cancer-research	springer-vancouver-brackets	0.9184	1.0000	0.4545
elsevier-harvard2	elsevier-harvard	0.9183	1.0000	0.7273
journal-of-human-evolution	elsevier-harvard	0.9183	1.0000	0.7273
journal-of-dairy-science	elsevier-harvard	0.9180	0.8333	0.4848
canadian-journal-of-remote-sensing	elsevier-harvard	0.9174	1.0000	0.2424
research-institute-for-nature-and-forest	elsevier-harvard	0.9173	1.0000	0.5455
aquatic-living-resources	elsevier-harvard	0.9172	1.0000	0.6970
oncoimmunology	american-medical-association	0.9171	1.0000	0.4545
food-and-agriculture-organization-of-the-united-nations-numeric	springer-vancouver-brackets	0.9170	1.0000	0.2727
hainan-medical-university-journal-publisher	elsevier-with-titles	0.9168	1.0000	0.5152
journal-of-the-american-college-of-cardiology	springer-basic-brackets	0.9166	1.0000	0.5152
borgyogyaszati-es-venerologiai-szemle	springer-basic-brackets	0.9165	1.0000	0.2121
biochimica-et-biophysica-acta	elsevier-with-titles	0.9165	1.0000	0.6364
shock	springer-basic-brackets	0.9163	1.0000	0.5455
cancer-biomarkers	elsevier-with-titles	0.9160	1.0000	0.4848
china-national-standard-gb-t-7714-2015-numeric	elsevier-with-titles	0.9159	1.0000	0.2727
preventive-nutrition-and-food-science	elsevier-harvard	0.9157	0.9444	0.2727
journal-of-applied-glycoscience	elsevier-vancouver	0.9156	1.0000	0.3030
molecular-psychiatry	springer-basic-brackets	0.9156	1.0000	0.5455
neuropsychopharmacology	springer-basic-brackets	0.9156	1.0000	0.5455
journal-of-visualized-experiments	springer-basic-brackets	0.9155	1.0000	0.4242
indian-journal-of-medical-research	springer-vancouver-brackets	0.9152	1.0000	0.5455
endocrine-journal	springer-basic-brackets	0.9148	1.0000	0.5152
european-journal-of-anaesthesiology	springer-basic-brackets	0.9147	1.0000	0.4848
nutrition-research-reviews	springer-vancouver-brackets	0.9146	1.0000	0.5455
chicago-author-date-access-dates	taylor-and-francis-chicago-author-date	0.9141	0.8889	0.1563
cybium	elsevier-harvard	0.9141	1.0000	0.6970
zoological-science	elsevier-harvard	0.9139	0.8889	0.5758
hydrobiologia	elsevier-harvard	0.9137	0.9444	0.6364
aids	elsevier-with-titles	0.9135	1.0000	0.4848
journal-of-hypertension	elsevier-with-titles	0.9135	1.0000	0.4848
nature-publishing-group-vancouver	elsevier-with-titles	0.9135	1.0000	0.4848
the-european-research-journal	elsevier-vancouver	0.9133	1.0000	0.5152
aging-and-disease	elsevier-vancouver	0.9133	1.0000	0.4545
oxidation-of-metals	springer-basic-brackets	0.9133	1.0000	0.5152
aging	springer-vancouver-brackets	0.9132	1.0000	0.5152
journal-of-nutrition	springer-vancouver-brackets	0.9132	1.0000	0.5152
international-journal-of-climatology	elsevier-harvard	0.9129	0.9444	0.5152
muscle-and-nerve	american-medical-association	0.9128	1.0000	0.2424
aporia-the-nursing-journal	springer-vancouver-brackets	0.9126	1.0000	0.4848
journal-of-plant-nutrition-and-soil-science	elsevier-harvard	0.9126	1.0000	0.6667
spectroscopy-letters	springer-basic-brackets	0.9126	1.0000	0.3030
journal-of-evolution-and-health	elsevier-with-titles	0.9125	1.0000	0.3939
journal-of-surgical-oncology	american-medical-association	0.9121	1.0000	0.5152
international-journal-of-epidemiology	springer-vancouver-brackets	0.9121	1.0000	0.4848
journal-of-rheumatology	springer-vancouver-brackets	0.9119	1.0000	0.5152
ergoscience	elsevier-vancouver	0.9119	1.0000	0.5152
springer-socpsych-brackets	springer-vancouver-brackets	0.9118	1.0000	0.2424
express-polymer-letters	elsevier-with-titles	0.9117	1.0000	0.2727
animal-migration	elsevier-with-titles	0.9117	1.0000	0.5455
public-health-nutrition	springer-basic-brackets	0.9117	1.0000	0.5152
neuroreport	springer-basic-brackets	0.9116	1.0000	0.5758
genomics-and-informatics	springer-basic-brackets	0.9116	1.0000	0.5152
europace	springer-vancouver-brackets	0.9114	1.0000	0.5455
acta-physiologica	elsevier-with-titles	0.9112	1.0000	0.4848
mediterranean-journal-of-chemistry	elsevier-with-titles	0.9109	1.0000	0.5152
journal-of-psychiatry-and-neuroscience	springer-vancouver-brackets	0.9109	1.0000	0.4848
thrombosis-and-haemostasis	springer-vancouver-brackets	0.9109	1.0000	0.4848
journal-of-biomedical-materials-research-part-a	springer-vancouver-brackets	0.9108	1.0000	0.4242
journal-of-applied-entomology	elsevier-harvard	0.9108	1.0000	0.5758
the-pan-african-medical-journal	springer-basic-brackets	0.9106	1.0000	0.5152
liver-international	springer-basic-brackets	0.9103	1.0000	0.5455
european-journal-of-human-genetics	elsevier-with-titles	0.9102	1.0000	0.4848
veterinary-radiology-and-ultrasound	springer-vancouver-brackets	0.9100	1.0000	0.4545
pediatric-allergy-and-immunology	springer-basic-brackets	0.9099	1.0000	0.5152
medicinski-razgledi	springer-basic-brackets	0.9097	1.0000	0.5455
cse-citation-sequence-brackets-8th-edition	ieee	0.9094	1.0000	0.2121
helvetica-chimica-acta	elsevier-with-titles	0.9094	1.0000	0.5455
energy-research-and-social-science	springer-vancouver-brackets	0.9093	1.0000	0.5152
nlm-citation-sequence-brackets	springer-vancouver-brackets	0.9093	1.0000	0.5152
nlm-citation-sequence-superscript	springer-vancouver-brackets	0.9093	1.0000	0.5152
nlm-citation-sequence	springer-vancouver-brackets	0.9093	1.0000	0.5152
revista-do-instituto-de-medicina-tropical-de-sao-paulo	springer-vancouver-brackets	0.9093	1.0000	0.5152
engineering-in-life-sciences	elsevier-with-titles	0.9092	1.0000	0.5758
journal-of-mammalogy	elsevier-harvard	0.9092	0.8889	0.5758
the-journal-of-laryngology-and-otology	springer-vancouver-brackets	0.9092	1.0000	0.4242
medicina-delle-dipendenze-italian-journal-of-the-addictions	elsevier-harvard	0.9090	1.0000	0.3030
french1	elsevier-with-titles	0.9087	1.0000	0.3030
methods-of-information-in-medicine	elsevier-vancouver	0.9086	1.0000	0.4848
periodicum-biologorum	springer-basic-brackets	0.9086	1.0000	0.3636
allergy	springer-basic-brackets	0.9086	1.0000	0.4848
journal-of-separation-science	elsevier-with-titles	0.9081	1.0000	0.5152
aims-press	springer-basic-brackets	0.9080	1.0000	0.5152
the-journal-of-nutrition-health-and-aging	springer-basic-brackets	0.9080	1.0000	0.5152
journal-of-magnetic-resonance-imaging	springer-basic-brackets	0.9079	1.0000	0.5152
european-journal-of-emergency-medicine	elsevier-vancouver	0.9079	1.0000	0.5152
journal-of-computer-information-systems	elsevier-vancouver	0.9075	1.0000	0.4545
journal-of-multidisciplinary-applied-natural-science	ieee	0.9075	1.0000	0.1212
heart-rhythm	springer-vancouver-brackets	0.9074	1.0000	0.4242
gigascience	springer-vancouver-brackets	0.9073	1.0000	0.1212
radiation-research	springer-vancouver-brackets	0.9073	1.0000	0.4545
slovensko-drustvo-za-medicinsko-informatiko	springer-basic-brackets	0.9071	1.0000	0.4545
exercer	springer-vancouver-brackets	0.9068	1.0000	0.4242
phytopathologia-mediterranea	elsevier-harvard	0.9068	0.9444	0.3636
vox-sanguinis	springer-basic-brackets	0.9068	1.0000	0.4242
current-proteomics	elsevier-with-titles	0.9064	1.0000	0.5152
elsevier-american-chemical-society	springer-vancouver-brackets	0.9063	1.0000	0.2727
nlm-citation-sequence-brackets-no-et-al	springer-vancouver-brackets	0.9062	1.0000	0.4848
hypotheses-in-the-life-sciences	elsevier-with-titles	0.9062	1.0000	0.4242
neurology	springer-vancouver-brackets	0.9061	1.0000	0.4545
the-american-journal-of-pathology	springer-vancouver-brackets	0.9060	1.0000	0.4242
polar-research	elsevier-harvard	0.9060	0.8889	0.4545
journal-of-surgery-and-medicine	springer-vancouver-brackets	0.9057	1.0000	0.4545
nlm-citation-sequence-superscript-year-only-no-issue	springer-vancouver-brackets	0.9055	1.0000	0.4545
thai-endodontic-journal	springer-vancouver-brackets	0.9055	1.0000	0.4545
radiographics	springer-vancouver-brackets	0.9054	1.0000	0.4242
cell-research	springer-basic-brackets	0.9051	1.0000	0.4545
monographs-of-the-palaeontographical-society	springer-basic-author-date	0.9051	1.0000	0.4242
spandidos-publications	springer-basic-brackets	0.9051	1.0000	0.4848
herpetologica	elsevier-harvard	0.9050	0.8333	0.3939
environmental-health-perspectives	elsevier-harvard	0.9049	1.0000	0.3333
american-institute-of-aeronautics-and-astronautics	elsevier-with-titles	0.9048	1.0000	0.2121
journal-of-medical-genetics	elsevier-vancouver	0.9048	1.0000	0.4848
national-library-of-medicine-grant-proposals	springer-vancouver-brackets	0.9048	1.0000	0.4545
seminars-in-pediatric-neurology	springer-basic-brackets	0.9047	1.0000	0.5455
developmental-medicine-and-child-neurology	springer-vancouver-brackets	0.9045	1.0000	0.4242
journal-of-applied-clinical-medical-physics	elsevier-vancouver	0.9045	1.0000	0.4848
sage-vancouver-brackets	elsevier-with-titles	0.9045	1.0000	0.3939
journal-of-health-care-for-the-poor-and-underserved	springer-vancouver-brackets	0.9045	1.0000	0.4848
international-journal-of-research-in-exercise-physiology	springer-vancouver-brackets	0.9045	1.0000	0.3939
scienceasia	springer-vancouver-brackets	0.9045	1.0000	0.3939
american-nuclear-society	springer-basic-brackets	0.9044	1.0000	0.2121
the-bone-and-joint-journal	springer-basic-brackets	0.9043	1.0000	0.4545
journal-of-cachexia-sarcopenia-and-muscle	springer-basic-brackets	0.9042	1.0000	0.5152
geriatrie-et-psychologie-neuropsychiatrie-du-vieillissement	springer-basic-brackets	0.9042	1.0000	0.4545
current-topics-in-medicinal-chemistry	elsevier-with-titles	0.9040	1.0000	0.4848
journal-of-thrombosis-and-haemostasis	elsevier-vancouver	0.9036	1.0000	0.5152
psychiatric-services	springer-basic-brackets	0.9036	1.0000	0.5455
biochemistry-and-molecular-biology-education	elsevier-with-titles	0.9033	1.0000	0.4545
chicago-shortened-notes-bibliography-classic-archive-place-first-no-url	chicago-shortened-notes-bibliography	0.9033	1.0000	0.3125
chicago-shortened-notes-bibliography-classic-no-url	chicago-shortened-notes-bibliography	0.9033	1.0000	0.3125
chicago-shortened-notes-bibliography-subsequent-author-classic-no-url	chicago-shortened-notes-bibliography	0.9033	1.0000	0.3125
chicago-shortened-notes-bibliography-subsequent-ibid-classic-no-url	chicago-shortened-notes-bibliography	0.9033	1.0000	0.3125
chest	springer-basic-brackets	0.9032	1.0000	0.5152
international-journal-of-humanoid-robotics	springer-basic-brackets	0.9031	1.0000	0.5152
american-journal-of-climate-change	elsevier-with-titles	0.9031	1.0000	0.4545
solutions	springer-basic-brackets	0.9030	1.0000	0.4848
american-statistical-association	elsevier-harvard	0.9030	0.8889	0.3636
australian-dental-journal	springer-vancouver-brackets	0.9029	1.0000	0.4242
annals-of-neurology	springer-basic-brackets	0.9027	1.0000	0.4848
journal-of-orthopaedic-research	springer-basic-brackets	0.9027	1.0000	0.4848
archives-of-hand-and-microsurgery	springer-basic-brackets	0.9025	1.0000	0.3333
european-journal-of-ophthalmology	springer-vancouver-brackets	0.9024	1.0000	0.4242
idojaras-quarterly-journal-of-the-hungarian-meteorological-service	elsevier-harvard	0.9023	1.0000	0.5152
clinical-infectious-diseases	springer-basic-brackets	0.9022	1.0000	0.4848
epilepsia	springer-vancouver-brackets	0.9020	1.0000	0.4545
rofo	elsevier-vancouver	0.9019	1.0000	0.4848
journal-of-clinical-oncology	springer-basic-brackets	0.9019	1.0000	0.5455
rhinology	springer-vancouver-brackets	0.9017	1.0000	0.4242
the-journal-of-clinical-investigation	springer-basic-brackets	0.9014	1.0000	0.5152
london-south-bank-university-numeric	elsevier-with-titles	0.9012	1.0000	0.2121
praxis	springer-vancouver-brackets	0.9010	1.0000	0.4242
world-congress-on-engineering-asset-management	elsevier-with-titles	0.9010	1.0000	0.3939
journal-of-the-american-heart-association	springer-basic-brackets	0.9010	1.0000	0.4545
epidemiology-and-infection	springer-basic-brackets	0.9010	1.0000	0.4545
conservation-physiology	elsevier-harvard	0.9009	1.0000	0.5455
ugeskrift-for-laeger	springer-vancouver-brackets	0.9009	1.0000	0.4242
otto-von-guricke-universitat-magdeburg-medizinische-fakultat-numeric	springer-basic-brackets	0.9008	1.0000	0.4848
hepatology	springer-basic-brackets	0.9005	1.0000	0.4848
journal-of-infectious-diseases	springer-vancouver-brackets	0.9003	1.0000	0.4242
san-francisco-estuary-and-watershed-science	springer-basic-author-date	0.9003	0.5556	0.7273
journal-of-the-american-college-of-surgeons	springer-basic-brackets	0.9003	1.0000	0.4545
journal-of-cellular-and-molecular-medicine	elsevier-vancouver	0.9002	1.0000	0.5152
acta-paediatrica	springer-vancouver-brackets	0.9002	1.0000	0.4242
apa-no-initials	taylor-and-francis-chicago-author-date	0.8999	0.8889	0.0938
universite-de-picardie-jules-verne-ufr-de-medecine	elsevier-vancouver	0.8998	1.0000	0.5152
veterinary-clinical-pathology	american-medical-association	0.8998	1.0000	0.2727
eurointervention	springer-basic-brackets	0.8998	1.0000	0.4545
psychosomatic-medicine	springer-vancouver-brackets	0.8997	1.0000	0.4242
land-degradation-and-development	elsevier-harvard	0.8995	0.9444	0.3333
indoor-air	american-medical-association	0.8994	1.0000	0.3030
pediatric-blood-and-cancer	springer-basic-brackets	0.8992	1.0000	0.5152
annals-of-behavioral-medicine	springer-basic-brackets	0.8992	1.0000	0.4848
spie-journals	springer-basic-brackets	0.8991	1.0000	0.2424
archives-of-physical-medicine-and-rehabilitation	springer-vancouver-brackets	0.8991	1.0000	0.4242
psychiatry-and-clinical-neurosciences	springer-vancouver-brackets	0.8991	1.0000	0.4242
uppsala-universitet-institutionen-for-biologisk-grundutbildning	springer-basic-author-date	0.8989	0.8889	0.5758
respiratory-care-journal	springer-basic-brackets	0.8987	1.0000	0.3030
international-journal-of-polymer-analysis-and-characterization	elsevier-with-titles	0.8986	1.0000	0.3636
the-journal-of-the-acoustical-society-of-america	elsevier-harvard	0.8986	1.0000	0.3333
fertility-and-sterility	springer-vancouver-brackets	0.8985	1.0000	0.4242
american-heart-association	springer-basic-brackets	0.8985	1.0000	0.4242
scandinavian-journal-of-rheumatology	springer-basic-brackets	0.8985	1.0000	0.4242
qeios	elsevier-with-titles	0.8984	1.0000	0.0606
the-journal-of-molecular-diagnostics	springer-basic-brackets	0.8984	1.0000	0.4545
health-education-research	springer-basic-brackets	0.8983	1.0000	0.4545
boletin-de-pediatria	springer-vancouver-brackets	0.8981	1.0000	0.4242
journal-of-mechanical-science-and-technology	springer-basic-brackets	0.8980	1.0000	0.5152
the-journal-of-infection-in-developing-countries	springer-basic-brackets	0.8980	1.0000	0.4545
the-journal-of-nervous-and-mental-disease	elsevier-harvard	0.8979	1.0000	0.5455
society-for-laboratory-automation-and-screening	springer-basic-brackets	0.8977	1.0000	0.4848
hong-kong-journal-of-radiology	springer-basic-brackets	0.8977	1.0000	0.4848
stroke	springer-basic-brackets	0.8977	1.0000	0.4848
traffic	springer-basic-brackets	0.8977	1.0000	0.4848
urbani-izziv	elsevier-harvard	0.8977	0.6667	0.4242
british-journal-of-surgery	elsevier-with-titles	0.8976	1.0000	0.3333
transportation-research-record	springer-basic-brackets	0.8975	1.0000	0.2424
the-cancer-journal	springer-basic-brackets	0.8974	1.0000	0.4242
quaternary-international	elsevier-harvard	0.8973	0.8889	0.7273
pediatric-physical-therapy	american-medical-association	0.8971	1.0000	0.2424
oxford-journals-scimed-numeric	springer-basic-brackets	0.8971	1.0000	0.3939
critical-care-medicine	springer-basic-brackets	0.8970	1.0000	0.5152
the-american-journal-of-gastroenterology	springer-basic-brackets	0.8970	1.0000	0.5152
nowa-audiofonologia	springer-basic-brackets	0.8969	1.0000	0.4545
african-online-scientific-information-systems-vancouver	springer-basic-brackets	0.8968	1.0000	0.5152
annals-of-eye-science	springer-vancouver-brackets	0.8966	1.0000	0.4545
archives-of-medical-research	springer-vancouver-brackets	0.8966	1.0000	0.4545
gaceta-sanitaria	springer-vancouver-brackets	0.8966	1.0000	0.4545
universite-de-montreal-nlm-fr-ca	springer-vancouver-brackets	0.8964	1.0000	0.3939
paediatric-and-perinatal-epidemiology	elsevier-vancouver	0.8964	1.0000	0.3939
medicine-publishing	elsevier-vancouver	0.8964	1.0000	0.4242
experimental-biomedical-research	elsevier-with-titles	0.8964	1.0000	0.3333
pediatric-urology-case-reports	elsevier-with-titles	0.8964	1.0000	0.3333
journal-of-human-nutrition-and-dietetics	elsevier-with-titles	0.8963	1.0000	0.4848
proteomics	elsevier-vancouver	0.8957	1.0000	0.4545
navigation	ieee	0.8953	1.0000	0.1212
the-british-journal-of-cardiology	springer-basic-brackets	0.8953	1.0000	0.4242
the-new-england-journal-of-medicine	springer-vancouver-brackets	0.8953	1.0000	0.3939
multiple-sclerosis-journal	springer-basic-brackets	0.8953	1.0000	0.4242
karger-journals	elsevier-vancouver	0.8952	1.0000	0.3636
vitis-journal-of-grapevine-research	elsevier-harvard	0.8951	0.8889	0.6667
current-neurology-aktualnosci-neurologiczne	elsevier-harvard	0.8950	1.0000	0.4545
annals-of-oncology	springer-vancouver-brackets	0.8947	1.0000	0.4242
australian-veterinary-journal	springer-vancouver-brackets	0.8946	1.0000	0.3939
new-solutions	elsevier-with-titles	0.8946	1.0000	0.1212
archivos-de-bronconeumologia	elsevier-vancouver	0.8945	1.0000	0.1515
medicina-clinica	elsevier-vancouver	0.8945	1.0000	0.1515
iubmb-life	elsevier-with-titles	0.8943	1.0000	0.4242
polymer-reviews	elsevier-with-titles	0.8939	1.0000	0.4242
theranostics	springer-vancouver-brackets	0.8939	1.0000	0.3939
nucleic-acids-research	springer-basic-brackets	0.8938	1.0000	0.4545
journal-of-contemporary-medicine	springer-basic-brackets	0.8937	1.0000	0.4242
pediatric-practice-and-research	springer-basic-brackets	0.8937	1.0000	0.4242
scandinavian-journal-of-infectious-diseases	springer-vancouver-brackets	0.8937	1.0000	0.3636
the-febs-journal	elsevier-vancouver	0.8937	1.0000	0.3939
american-journal-of-health-behavior	springer-basic-brackets	0.8936	1.0000	0.4242
microbiology-society	springer-basic-brackets	0.8934	1.0000	0.3636
deutsches-arzteblatt	springer-basic-brackets	0.8934	1.0000	0.3939
journal-of-the-european-academy-of-dermatology-and-venereology	springer-basic-brackets	0.8934	1.0000	0.3939
journal-of-neuroendocrinology	springer-basic-brackets	0.8933	1.0000	0.3939
sage-vancouver	springer-basic-brackets	0.8933	1.0000	0.3939
american-journal-of-translational-research	springer-basic-brackets	0.8932	1.0000	0.4545
journal-of-pain-and-symptom-management	springer-vancouver-brackets	0.8928	1.0000	0.3636
iranian-journal-of-basic-medical-sciences	springer-basic-brackets	0.8928	1.0000	0.3939
sanamed	springer-vancouver-brackets	0.8927	1.0000	0.4242
pnas	springer-basic-brackets	0.8927	1.0000	0.3030
american-journal-of-roentgenology	springer-basic-brackets	0.8927	1.0000	0.3636
neurospine	springer-vancouver-brackets	0.8927	1.0000	0.3636
saglik-bilimleri-universitesi	springer-basic-brackets	0.8926	1.0000	0.3939
journal-of-internal-medicine	springer-basic-brackets	0.8923	1.0000	0.3939
international-journal-of-simulation-modelling	elsevier-with-titles	0.8922	1.0000	0.1818
journal-of-behavioral-health-and-psychology	springer-vancouver-brackets	0.8921	1.0000	0.4242
institute-of-mathematical-statistics	elsevier-vancouver	0.8921	1.0000	0.4242
the-rockefeller-university-press	elsevier-harvard	0.8921	0.8333	0.3939
cath-lab-digest	springer-basic-brackets	0.8920	1.0000	0.3030
exploration-of-targeted-anti-tumor-therapy	springer-vancouver-brackets	0.8920	1.0000	0.4545
israel-medical-association-journal	springer-basic-brackets	0.8918	1.0000	0.3939
the-korean-journal-of-mycology	springer-vancouver-brackets	0.8917	1.0000	0.4242
angiology	springer-vancouver-brackets	0.8917	1.0000	0.3333
knee-surgery-and-related-research	springer-vancouver-brackets	0.8917	1.0000	0.3333
annals-of-biomedical-engineering	springer-basic-brackets	0.8916	1.0000	0.3636
iranian-journal-of-pharmaceutical-research	elsevier-with-titles	0.8916	1.0000	0.3636
journal-of-dental-traumatology	springer-vancouver-brackets	0.8915	1.0000	0.3636
french2	elsevier-with-titles	0.8912	1.0000	0.3030
american-society-of-civil-engineers	elsevier-harvard	0.8912	0.8889	0.3030
pediatric-infectious-disease-journal	american-medical-association	0.8911	1.0000	0.2121
who-europe-numeric	springer-vancouver-brackets	0.8909	1.0000	0.4242
neurosurgery-clinics-of-north-america	springer-basic-brackets	0.8908	1.0000	0.1212
revista-materia	ieee	0.8908	1.0000	0.2727
geochronometria	elsevier-harvard	0.8905	0.9444	0.3333
applied-spectroscopy-reviews	springer-basic-brackets	0.8904	1.0000	0.4545
medizinische-universitat-innsbruck-vancouver	springer-vancouver-brackets	0.8904	1.0000	0.3636
undergraduate-journal-of-experimental-microbiology-and-immunology	springer-basic-brackets	0.8904	1.0000	0.3636
pediatric-research	springer-basic-brackets	0.8902	1.0000	0.3939
clinical-gastroenterology-and-hepatology	american-medical-association	0.8902	1.0000	0.2121
jyvaskylan-yliopisto-kemian-laitos	springer-basic-brackets	0.8901	1.0000	0.4545
acta-anaesthesiologica-scandinavica	springer-vancouver-brackets	0.8900	1.0000	0.3333
biologiceskie-membrany	springer-basic-brackets	0.8899	1.0000	0.3939
molecular-biology	springer-basic-brackets	0.8899	1.0000	0.3939
metropolia-university-of-applied-sciences-harvard-english	elsevier-harvard	0.8898	0.6667	0.5152
cytometry	springer-basic-brackets	0.8898	1.0000	0.3939
the-british-journal-of-psychiatry	elsevier-vancouver	0.8898	1.0000	0.2727
canadian-journal-of-physics	elsevier-vancouver	0.8897	1.0000	0.3636
endocrine-press	springer-vancouver-brackets	0.8897	1.0000	0.3939
journal-of-alzheimers-disease	elsevier-vancouver	0.8897	1.0000	0.3939
creativity-and-innovation-management	elsevier-harvard	0.8895	0.8889	0.5455
revista-da-sociedade-brasileira-de-medicina-tropical	springer-basic-brackets	0.8895	1.0000	0.4242
nlm-citation-sequence-brackets-year-only-no-issue	springer-vancouver-brackets	0.8895	1.0000	0.3636
biofuel-research-journal	elsevier-harvard	0.8895	1.0000	0.2121
institute-of-physics-numeric	elsevier-vancouver	0.8894	1.0000	0.4242
journal-of-occupational-and-environmental-medicine	springer-basic-brackets	0.8893	1.0000	0.3333
experimental-biology-and-medicine	springer-basic-brackets	0.8892	1.0000	0.3636
polytechnique-montreal-ieee	ieee	0.8892	1.0000	0.3030
nlm-citation-sequence-superscript-brackets-year-only	springer-vancouver-brackets	0.8889	1.0000	0.3636
molecular-and-cellular-proteomics	springer-basic-brackets	0.8888	1.0000	0.4545
the-journal-of-immunology	springer-basic-brackets	0.8885	1.0000	0.4242
acta-radiologica	springer-basic-brackets	0.8883	1.0000	0.3333
annals-of-surgery	springer-basic-brackets	0.8883	1.0000	0.3333
journal-of-leukocyte-biology	springer-basic-brackets	0.8883	1.0000	0.3333
journal-der-deutschen-dermatologischen-gesellschaft	springer-basic-brackets	0.8883	1.0000	0.4545
american-society-for-horticultural-science	elsevier-harvard	0.8882	0.5556	0.6061
science	springer-basic-brackets	0.8882	1.0000	0.3333
journal-of-urban-and-environmental-engineering	elsevier-harvard	0.8881	0.8889	0.3333
the-journal-of-hand-surgery-european-volume	elsevier-harvard	0.8878	1.0000	0.3939
entecho	elsevier-harvard	0.8877	1.0000	0.7273
american-institute-of-physics	elsevier-with-titles	0.8876	1.0000	0.4242
vodohospodarske-technicko-ekonomicke-informace	ieee	0.8872	1.0000	0.1515
vodohospodarske-technicko-ekonomicke-informace-en	ieee	0.8871	1.0000	0.1515
ethnobiology-letters	elsevier-harvard	0.8870	0.9444	0.2727
international-brazilian-journal-of-urology	springer-basic-brackets	0.8870	1.0000	0.4848
bioresources	elsevier-harvard	0.8869	0.8889	0.3030
clinical-otolaryngology	elsevier-with-titles	0.8869	1.0000	0.4545
journal-of-combinatorics	elsevier-with-titles	0.8868	1.0000	0.3636
brachytherapy	american-medical-association	0.8868	1.0000	0.0606
journal-of-atrial-fibrillation	springer-basic-brackets	0.8866	1.0000	0.4545
opto-electronic-advances	springer-basic-brackets	0.8866	1.0000	0.3636
opuscula	elsevier-harvard	0.8861	0.8889	0.5152
equine-veterinary-journal	springer-basic-brackets	0.8859	1.0000	0.4242
geografia-fisica-e-dinamica-quaternaria	elsevier-harvard	0.8856	0.6667	0.6061
nephrology-dialysis-transplantation	springer-basic-brackets	0.8855	1.0000	0.3939
the-journal-of-hand-surgery-asian-pacific-volume	springer-basic-brackets	0.8855	1.0000	0.4242
integrated-science-publishing-journals	springer-basic-brackets	0.8854	1.0000	0.3636
beilstein-journal-of-organic-chemistry	elsevier-with-titles	0.8852	1.0000	0.3636
medicine-and-science-in-sports-and-exercise	springer-vancouver-brackets	0.8851	1.0000	0.3636
journal-of-geriatric-psychiatry-and-neurology	american-medical-association	0.8851	1.0000	0.2424
canadian-geotechnical-journal	elsevier-harvard	0.8849	1.0000	0.2727
nature-brackets	springer-basic-brackets	0.8849	1.0000	0.3333
nature	springer-basic-brackets	0.8849	1.0000	0.3333
journal-of-computer-assisted-tomography	springer-basic-brackets	0.8848	1.0000	0.3333
journal-of-clinical-rheumatology	american-medical-association	0.8846	1.0000	0.2727
influenza-and-other-respiratory-viruses	american-medical-association	0.8845	1.0000	0.2727
journal-of-pediatric-gastroenterology-and-nutrition	springer-basic-brackets	0.8845	0.6667	0.6970
asian-journal-of-neurosurgery	springer-vancouver-brackets	0.8844	1.0000	0.3636
neurology-india	springer-vancouver-brackets	0.8844	1.0000	0.3636
cellular-and-molecular-gastroenterology-and-hepatology	springer-basic-brackets	0.8844	1.0000	0.3333
journal-of-reconstructive-microsurgery	american-medical-association	0.8841	1.0000	0.2424
clinical-nuclear-medicine	springer-vancouver-brackets	0.8841	1.0000	0.3636
the-journal-of-neuropsychiatry-and-clinical-neurosciences	springer-basic-brackets	0.8839	1.0000	0.4848
the-korean-journal-of-gastroenterology	springer-basic-brackets	0.8839	1.0000	0.3333
international-atomic-energy-agency	elsevier-vancouver	0.8838	1.0000	0.2424
journal-of-small-animal-practice	elsevier-harvard	0.8836	0.9444	0.3636
animal-welfare	elsevier-harvard	0.8833	1.0000	0.2424
pain-medicine	springer-vancouver-brackets	0.8833	1.0000	0.4242
avian-conservation-and-ecology	elsevier-harvard	0.8831	1.0000	0.2424
current-opinion	springer-basic-brackets	0.8831	1.0000	0.3333
international-journal-of-cancer	springer-vancouver-brackets	0.8830	1.0000	0.3636
new-harts-rules-author-date-publisher	taylor-and-francis-chicago-author-date	0.8827	1.0000	0.1563
new-harts-rules-author-date-space-publisher	taylor-and-francis-chicago-author-date	0.8827	1.0000	0.1563
mastozoologia-neotropical	elsevier-harvard	0.8825	0.8333	0.5152
botanical-journal-of-the-linnean-society	elsevier-harvard	0.8823	0.8889	0.3939
smyrna-tip-dergisi	springer-basic-brackets	0.8821	1.0000	0.3939
journal-of-clinical-sleep-medicine	american-medical-association	0.8820	1.0000	0.2727
the-journal-of-nuclear-medicine	american-medical-association	0.8820	1.0000	0.2727
american-physics-society	elsevier-with-titles	0.8820	1.0000	0.2121
international-journal-of-cosmetic-science	springer-basic-brackets	0.8819	1.0000	0.3636
journal-of-basic-microbiology	elsevier-vancouver	0.8818	1.0000	0.2424
journal-of-animal-science	elsevier-harvard	0.8817	0.8333	0.3636
haematologica	springer-basic-brackets	0.8815	1.0000	0.2727
the-plant-cell	elsevier-harvard	0.8814	0.9444	0.2424
landes-bioscience-journals	springer-vancouver-brackets	0.8814	1.0000	0.3333
nature-no-et-al	springer-basic-brackets	0.8814	1.0000	0.3333
journal-of-physical-therapy-science	elsevier-vancouver	0.8811	1.0000	0.3939
future-science-group	springer-basic-brackets	0.8809	1.0000	0.2424
revue-francaise-dhistotechnologie	springer-basic-brackets	0.8807	1.0000	0.3333
jurnal-pangan-dan-agroindustri	elsevier-harvard	0.8807	1.0000	0.3939
journal-of-environmental-science-and-health-part-b	elsevier-with-titles	0.8804	1.0000	0.3939
sedimentology	springer-basic-author-date	0.8800	0.6667	0.5455
iso690-numeric-en	ieee	0.8800	1.0000	0.0303
ruhr-universitat-bochum-medizinische-fakultat-numeric	elsevier-vancouver	0.8797	1.0000	0.2727
scientific-online-letters-on-the-atmosphere	elsevier-harvard	0.8795	0.8333	0.2121
national-science-foundation-grant-proposals	springer-basic-brackets	0.8795	1.0000	0.4848
the-american-journal-of-psychiatry	springer-basic-brackets	0.8794	1.0000	0.4545
pediatric-pulmonology	american-medical-association	0.8794	1.0000	0.2727
journal-of-the-american-society-of-nephrology	springer-basic-brackets	0.8793	1.0000	0.2424
limnology-and-oceanography	elsevier-harvard	0.8793	0.8889	0.2121
spie-bios	elsevier-with-titles	0.8793	1.0000	0.2424
r-and-d-management	elsevier-harvard	0.8791	0.9444	0.3939
medicinal-research-reviews	springer-basic-brackets	0.8790	1.0000	0.2727
microcirculation	springer-basic-brackets	0.8789	1.0000	0.2424
spine	springer-vancouver-brackets	0.8789	1.0000	0.3030
journal-of-clinical-neurology	american-medical-association	0.8788	1.0000	0.2424
molecular-plant-microbe-interactions	elsevier-harvard	0.8788	0.9444	0.3939
chinese-gb7714-2005-numeric	elsevier-with-titles	0.8788	1.0000	0.2727
frontiers	elsevier-harvard	0.8787	1.0000	0.3333
clinical-oral-implants-research	elsevier-harvard	0.8787	0.8333	0.4848
the-american-journal-of-geriatric-psychiatry	american-medical-association	0.8787	1.0000	0.1818
free-radical-research	elsevier-vancouver	0.8786	1.0000	0.3636
biological-psychiatry	springer-vancouver-brackets	0.8785	1.0000	0.3030
american-society-for-microbiology	springer-basic-brackets	0.8781	1.0000	0.3030
the-holocene	elsevier-harvard	0.8780	0.9444	0.3333
clinical-pharmacology-and-therapeutics	springer-basic-brackets	0.8779	1.0000	0.4242
journal-of-biological-chemistry	springer-basic-brackets	0.8778	1.0000	0.3636
arthritis-and-rheumatism	american-medical-association	0.8777	1.0000	0.1515
journal-of-stroke	american-medical-association	0.8777	1.0000	0.1818
universitat-heidelberg-medizinische-fakultat-mannheim-numeric	springer-basic-brackets	0.8777	1.0000	0.3939
journal-of-microbiology	elsevier-harvard	0.8773	0.9444	0.3939
disability-and-rehabilitation	springer-vancouver-brackets	0.8773	1.0000	0.3030
aci-materials-journal	springer-basic-brackets	0.8773	1.0000	0.3939
european-journal-of-lipid-science-and-technology	springer-basic-brackets	0.8771	1.0000	0.3333
taylor-and-francis-numeric-q	elsevier-with-titles	0.8771	1.0000	0.3333
journal-of-ethnobiology	elsevier-harvard	0.8771	1.0000	0.1818
marine-ornithology	elsevier-harvard	0.8767	0.7222	0.4545
the-american-journal-of-tropical-medicine-and-hygiene	springer-basic-brackets	0.8767	1.0000	0.3030
journal-of-lipid-research	springer-basic-brackets	0.8766	1.0000	0.3939
clinical-journal-of-the-american-society-of-nephrology	springer-basic-brackets	0.8766	1.0000	0.2424
annual-reviews	springer-basic-brackets	0.8758	1.0000	0.3636
transplantation	springer-basic-brackets	0.8756	1.0000	0.3333
american-journal-of-medical-genetics	elsevier-harvard	0.8756	0.9444	0.3939
annual-review-of-medicine	springer-basic-brackets	0.8753	1.0000	0.3636
the-american-journal-of-cardiology	american-medical-association	0.8750	1.0000	0.1515
biotechnology-and-bioprocess-engineering	springer-basic-brackets	0.8749	1.0000	0.3333
prehospital-emergency-care	springer-basic-brackets	0.8747	1.0000	0.2727
american-journal-of-respiratory-and-critical-care-medicine	springer-vancouver-brackets	0.8745	1.0000	0.3636
world-applied-sciences-journal	springer-basic-brackets	0.8742	1.0000	0.2727
neurorehabilitation-and-neural-repair	american-medical-association	0.8739	1.0000	0.1818
journal-of-microscopy	springer-basic-brackets	0.8738	1.0000	0.2121
embnet-journal	elsevier-harvard	0.8737	0.7778	0.3333
biotechniques	springer-basic-brackets	0.8737	1.0000	0.3636
acta-universitatis-agriculturae-sueciae	elsevier-harvard	0.8733	0.8333	0.3636
anesthesiology	springer-vancouver-brackets	0.8732	1.0000	0.3030
cell-transplantation	american-medical-association	0.8729	1.0000	0.2424
eva-berlin-konferenz	ieee	0.8722	0.9444	0.0909
inter-research-science-center	elsevier-harvard	0.8722	0.8333	0.3939
asaio-journal	american-medical-association	0.8722	1.0000	0.1818
folia-malacologica	elsevier-harvard	0.8720	0.8333	0.6364
evolutionary-anthropology	elsevier-vancouver	0.8719	1.0000	0.3939
global-ecology-and-biogeography	elsevier-harvard	0.8718	0.8333	0.4545
canadian-journal-of-public-health	springer-vancouver-brackets	0.8718	1.0000	0.3030
harvard-review-of-psychiatry	springer-basic-brackets	0.8718	1.0000	0.2121
current-pharmaceutical-design	elsevier-vancouver	0.8715	1.0000	0.4545
the-american-journal-of-dermatopathology	american-medical-association	0.8715	1.0000	0.1818
annals-of-laboratory-medicine	springer-basic-brackets	0.8714	1.0000	0.1212
american-journal-of-clinical-pathology	american-medical-association	0.8714	1.0000	0.1212
american-veterinary-medical-association	american-medical-association	0.8714	1.0000	0.1212
journal-of-the-american-academy-of-orthopaedic-surgeons	springer-basic-brackets	0.8713	1.0000	0.4242
current-alzheimer-research	elsevier-with-titles	0.8713	1.0000	0.3333
journal-of-chemistry-and-chemical-engineering	elsevier-with-titles	0.8712	1.0000	0.3636
southeastern-geographer	springer-basic-author-date	0.8712	0.7222	0.2727
journal-of-prosthodontics	american-medical-association	0.8712	1.0000	0.1818
clinical-management-issues	springer-basic-brackets	0.8710	0.6667	0.6061
farmeconomia	springer-basic-brackets	0.8710	0.6667	0.6061
neues-jahrbuch-fur-geologie-und-palaontologie	springer-basic-author-date	0.8707	0.8889	0.3636
universitas-gadjah-mada-doctoral-program-in-pharmaceutical-sciences	elsevier-harvard	0.8707	0.7222	0.5152
european-environment-agency-numeric	american-medical-association	0.8707	1.0000	0.0606
modern-pathology	springer-basic-brackets	0.8706	1.0000	0.2424
discovery-medicine	elsevier-harvard	0.8705	1.0000	0.3939
european-society-of-cardiology	springer-basic-brackets	0.8702	1.0000	0.2121
hawaii-international-conference-on-system-sciences-proceedings	ieee	0.8701	0.9444	0.2121
taylor-and-francis-vancouver-national-library-of-medicine	springer-vancouver-brackets	0.8700	0.6667	0.4848
journal-of-open-research-software	springer-basic-brackets	0.8699	1.0000	0.1212
international-journal-of-nuclear-security	springer-basic-brackets	0.8699	1.0000	0.3333
journal-of-neuroimaging	american-medical-association	0.8699	1.0000	0.1212
mammalogy-notes	elsevier-harvard	0.8697	0.7222	0.4848
the-journal-of-trauma-and-acute-care-surgery	american-medical-association	0.8696	1.0000	0.0303
scientia-iranica	springer-basic-brackets	0.8694	1.0000	0.3636
acta-pharmaceutica	springer-vancouver-brackets	0.8687	1.0000	0.0303
korean-journal-of-anesthesiology	american-medical-association	0.8681	1.0000	0.1212
iso690-numeric-cat	ieee	0.8681	0.9444	0.0606
american-journal-of-orthodontics-and-dentofacial-orthopedics	american-medical-association	0.8680	1.0000	0.1212
revue-d-anthropologie-des-connaissances	elsevier-harvard	0.8679	0.9444	0.3636
pesquisa-agropecuaria-brasileira	elsevier-harvard	0.8678	0.8889	0.4242
biochemistry	elsevier-with-titles	0.8675	1.0000	0.2121
national-institute-of-health-research	elsevier-vancouver	0.8674	1.0000	0.0000
ophthalmology	american-medical-association	0.8673	1.0000	0.1212
the-coleopterists-bulletin	elsevier-harvard	0.8669	1.0000	0.1818
harvard-limerick	elsevier-harvard	0.8668	0.7778	0.3636
geochemical-perspectives-letters	elsevier-harvard	0.8664	0.9444	0.3939
frontiers-in-bioscience	springer-basic-brackets	0.8660	1.0000	0.3333
journal-of-clinical-neurophysiology	springer-basic-brackets	0.8655	1.0000	0.3636
current-science	springer-basic-brackets	0.8654	1.0000	0.2424
anesthesia-and-analgesia	american-medical-association	0.8654	1.0000	0.1212
pain-physician	springer-basic-brackets	0.8653	1.0000	0.1515
bulletin-of-applied-glycoscience	elsevier-vancouver	0.8652	1.0000	0.3030
investigative-radiology	american-medical-association	0.8652	1.0000	0.1212
the-institute-of-electronics-information-and-communication-engineers	elsevier-with-titles	0.8652	1.0000	0.2121
conservation-letters	elsevier-harvard	0.8651	0.6667	0.5758
plant-physiology	springer-basic-author-date	0.8650	0.5556	0.6061
clinical-journal-of-sport-medicine	springer-basic-brackets	0.8648	1.0000	0.0000
the-faseb-journal	springer-basic-brackets	0.8647	1.0000	0.3636
health-and-social-care-in-the-community	elsevier-with-titles	0.8647	1.0000	0.3030
environmental-conservation	elsevier-harvard	0.8644	0.9444	0.3636
journal-of-anatomy	elsevier-harvard	0.8644	0.9444	0.2727
health-sciences-university-uco-school-of-osteopathy	elsevier-harvard	0.8643	0.9444	0.2424
western-journal-of-emergency-medicine	american-medical-association	0.8642	1.0000	0.2121
the-canadian-journal-of-psychiatry	springer-basic-brackets	0.8641	1.0000	0.2424
journal-of-science-and-medicine-in-sport	springer-basic-brackets	0.8641	1.0000	0.0000
institut-national-de-sante-publique-du-quebec-topo	elsevier-with-titles	0.8641	1.0000	0.2424
system-dynamics-review	elsevier-harvard	0.8641	0.8333	0.5455
eye	american-medical-association	0.8640	1.0000	0.0606
prehospital-and-disaster-medicine	american-medical-association	0.8640	1.0000	0.1818
indian-dermatology-online-journal	american-medical-association	0.8639	1.0000	0.1515
forest-science	elsevier-harvard	0.8637	0.9444	0.3333
silva-fennica	elsevier-harvard	0.8635	0.7778	0.4848
genes-brain-and-behavior	elsevier-harvard	0.8634	0.6667	0.5455
biological-and-pharmaceutical-bulletin	elsevier-with-titles	0.8630	1.0000	0.3030
jbi-evidence-synthesis	springer-basic-brackets	0.8628	1.0000	0.2121
current-protocols	elsevier-harvard	0.8624	0.9444	0.3333
taxon	elsevier-harvard	0.8623	0.6667	0.4242
evidence-based-complementary-and-alternative-medicine	elsevier-with-titles	0.8621	1.0000	0.2121
canadian-journal-of-soil-science	elsevier-harvard	0.8621	1.0000	0.2121
mammalia	elsevier-harvard	0.8619	0.8889	0.3636
cranfield-university-numeric	ieee	0.8619	0.9444	0.0606
nueva-norma-estudios-de-la-humanidad	elsevier-harvard	0.8615	1.0000	0.1212
gastroenterology	american-medical-association	0.8614	1.0000	0.0909
inflammatory-bowel-diseases	american-medical-association	0.8614	1.0000	0.0909
chicago-author-date-classic-no-url	taylor-and-francis-chicago-author-date	0.8614	0.8889	0.0938
universidade-estadual-do-oeste-do-parana-programa-institucional-de-bolsas-de-iniciacao-cientifica	elsevier-harvard	0.8608	0.9444	0.4242
iso690-numeric-brackets-cs	ieee	0.8607	1.0000	0.0606
ecological-entomology	elsevier-harvard	0.8606	0.6667	0.5152
evolution-letters	elsevier-harvard	0.8606	0.6667	0.5152
phyllomedusa	elsevier-harvard	0.8604	0.8333	0.3939
neural-plasticity	elsevier-with-titles	0.8598	1.0000	0.3030
international-journal-of-obstetric-anesthesia	springer-basic-brackets	0.8597	1.0000	0.0000
genetics-and-molecular-biology	springer-basic-author-date	0.8595	0.5556	0.5152
canadian-journal-of-earth-sciences	elsevier-harvard	0.8594	1.0000	0.1818
cambridge-university-press-author-date-cambridge-a	elsevier-harvard	0.8593	1.0000	0.1818
anticancer-research	springer-basic-brackets	0.8591	1.0000	0.0000
canadian-journal-of-fisheries-and-aquatic-sciences	elsevier-harvard	0.8586	1.0000	0.1818
journal-of-antimicrobial-chemotherapy	american-medical-association	0.8586	1.0000	0.0909
embo-press	elsevier-harvard	0.8584	0.9444	0.3636
scientia-agriculturae-bohemica	elsevier-harvard	0.8584	0.6667	0.3636
clinical-spine-surgery	american-medical-association	0.8584	1.0000	0.1818
physiological-and-biochemical-zoology	elsevier-harvard	0.8583	1.0000	0.3030
cancer-translational-medicine	american-medical-association	0.8581	1.0000	0.1515
optometry-and-vision-science	american-medical-association	0.8581	1.0000	0.0909
royal-entomological-society	elsevier-harvard	0.8579	0.6667	0.5152
ophthalmology-retina	american-medical-association	0.8574	1.0000	0.1515
raptor-journal	elsevier-harvard	0.8573	0.8889	0.3333
taylor-and-francis-national-library-of-medicine	ieee	0.8565	0.9444	0.2424
european-journal-of-vascular-and-endovascular-surgery	elsevier-vancouver	0.8565	1.0000	0.0000
social-anthropology	elsevier-harvard	0.8563	1.0000	0.2121
chemistry-education-research-and-practice	elsevier-harvard	0.8563	0.7778	0.2424
psychosomatics	springer-basic-brackets	0.8561	1.0000	0.0000
science-translational-medicine	springer-basic-brackets	0.8560	1.0000	0.2727
journal-of-oral-and-maxillofacial-surgery	american-medical-association	0.8560	1.0000	0.1515
british-journal-of-haematology	elsevier-harvard	0.8559	0.9444	0.3939
surgical-clinics-of-north-america	springer-basic-brackets	0.8558	1.0000	0.0000
brazilian-journal-of-experimental-design-data-analysis-and-inferential-statistics	ieee	0.8557	1.0000	0.0303
british-journal-of-cancer	elsevier-harvard	0.8554	0.6667	0.3636
life-science-alliance	elsevier-harvard	0.8554	0.6667	0.3636
egretta	elsevier-harvard	0.8554	0.8889	0.3333
haemophilia	american-medical-association	0.8551	1.0000	0.1515
taylor-and-francis-council-of-science-editors-author-date	elsevier-harvard	0.8547	0.7778	0.3939
journal-of-zoology	elsevier-harvard	0.8547	0.6667	0.5455
bioethics	ieee	0.8544	1.0000	0.0000
interaction-design-and-architectures	springer-basic-brackets	0.8543	1.0000	0.3030
bulletin-of-geosciences	elsevier-harvard	0.8540	0.7778	0.4545
entomological-society-of-america	elsevier-harvard	0.8540	0.7778	0.4242
protein-science	american-medical-association	0.8540	1.0000	0.0606
facets	elsevier-harvard	0.8539	0.7222	0.4242
pacific-science	elsevier-harvard	0.8538	1.0000	0.3030
the-american-naturalist	elsevier-harvard	0.8538	1.0000	0.3030
primary-care-clinics-in-office-practice	springer-basic-brackets	0.8536	1.0000	0.0000
journal-of-computational-chemistry	elsevier-with-titles	0.8536	1.0000	0.2424
springer-humanities-brackets	springer-vancouver-brackets	0.8536	1.0000	0.0606
veterinary-medicine-austria	springer-basic-author-date	0.8533	0.8889	0.3939
optics-express	springer-basic-brackets	0.8532	1.0000	0.2424
angewandte-chemie	elsevier-with-titles	0.8529	1.0000	0.3939
frontiers-in-optics	ieee	0.8528	1.0000	0.2727
molecular-psychiatry-letters	springer-vancouver-brackets	0.8527	1.0000	0.3939
netherlands-journal-of-geosciences-geologie-en-mijnbouw	elsevier-harvard	0.8522	1.0000	0.2727
igaku-toshokan	elsevier-vancouver	0.8521	1.0000	0.3030
the-optical-society	springer-basic-brackets	0.8520	1.0000	0.2424
journal-of-neurological-disorders	american-medical-association	0.8517	1.0000	0.0303
journal-of-bioscience-and-bioengineering	springer-basic-brackets	0.8517	1.0000	0.2424
processing-and-application-of-ceramics	ieee	0.8516	1.0000	0.2424
trends-journals	springer-basic-brackets	0.8515	1.0000	0.1515
journal-of-zoo-biology	elsevier-harvard	0.8515	0.8889	0.3030
international-journal-of-food-science-and-technology	elsevier-harvard	0.8513	0.5556	0.5455
journal-of-instrumentation	ieee	0.8508	1.0000	0.2424
johnson-matthey-technology-review	springer-vancouver-brackets	0.8508	1.0000	0.2727
the-journal-of-urology	american-medical-association	0.8506	1.0000	0.0909
chicago-author-date-archive-place-first-no-url	taylor-and-francis-chicago-author-date	0.8505	0.8889	0.0625
chicago-author-date-no-url	taylor-and-francis-chicago-author-date	0.8505	0.8889	0.0625
geobiology	elsevier-harvard	0.8504	0.6667	0.4848
building-structure	elsevier-with-titles	0.8504	1.0000	0.1515
